{"Plum": {"average": 53.400070921985844, "maxinum": 99.9, "mininmim": 5.04}, "Cherry": {"average": 54.84397058823526, "maxinum": 99.78, "mininmim": 5.82}, "Blackberry": {"average": 49.167683823529444, "maxinum": 99.98, "mininmim": 5.1}, "Pineapple": {"average": 50.9923674911661, "maxinum": 99.94, "mininmim": 6.17}, "Cranberry": {"average": 55.57635036496349, "maxinum": 99.92, "mininmim": 5.63}, "Blueberry": {"average": 51.99975308641973, "maxinum": 99.17, "mininmim": 5.01}, "Guava": {"average": 52.84812500000003, "maxinum": 99.75, "mininmim": 5.14}, "Grapes": {"average": 50.45523622047242, "maxinum": 99.63, "mininmim": 5.17}, "Papaya": {"average": 53.005236486486496, "maxinum": 99.65, "mininmim": 5.21}, "Raspberry": {"average": 53.63492805755397, "maxinum": 98.66, "mininmim": 5.01}, "Apple": {"average": 53.656796875000005, "maxinum": 99.81, "mininmim": 5.03}, "Boysenberry": {"average": 53.46414814814814, "maxinum": 99.9, "mininmim": 5.13}, "Banana": {"average": 52.82918149466191, "maxinum": 99.81, "mininmim": 5.87}, "Kiwifruit": {"average": 48.81466417910446, "maxinum": 99.24, "mininmim": 5.12}, "Apricot": {"average": 54.46496124031007, "maxinum": 99.69, "mininmim": 5.17}, "Peach": {"average": 53.37056603773584, "maxinum": 99.8, "mininmim": 5.43}, "Strawberry": {"average": 54.705000000000034, "maxinum": 99.98, "mininmim": 6.04}, "Mango": {"average": 51.00084249084251, "maxinum": 99.97, "mininmim": 5.43}, "Orange": {"average": 51.264260563380276, "maxinum": 99.69, "mininmim": 5.03}, "Melon": {"average": 52.90444866920153, "maxinum": 99.32, "mininmim": 6.45}}