{"sum": 611018, "avr": 561.0817263544536, "sumMD": 20265, "avrMD": 614.0909090909091, "sumSD": 19672, "avrSD": 596.1212121212121, "max": 998, "min": 100}